"species_cleaned","rl_cat","naturadb_common_name"
"Acer opalus","R","naturadb"
"Achillea macrophylla","R","naturadb"
"Achillea pannonica","V","not in naturadb"
"Achillea roseoalba","2","not in naturadb"
"Achillea setacea","3","not in naturadb"
"Achillea nobilis","V","naturadb"
"Acinos arvensis","V","naturadb"
"Aconitum plicatum","R","not in naturadb"
"Aconitum tauricum","R","not in naturadb"
"Aconitum variegatum","V","naturadb"
"Adenophora liliifolia","1","naturadb"
"Adonis aestivalis","2","naturadb"
"Adonis flammea","1","not in naturadb"
"Adonis vernalis","3","naturadb"
"Aethionema saxatile","1","not in naturadb"
"Agrostemma githago","2","naturadb"
"Agrostis vinealis","V","naturadb"
"Aira caryophyllea","V","not in naturadb"
"Aira praecox","V","not in naturadb"
"Ajuga chamaepitys","2","naturadb"
"Ajuga genevensis","V","naturadb"
"Alchemilla alpina","R","naturadb"
"Alchemilla baltica","R","not in naturadb"
"Alchemilla fallax","R","not in naturadb"
"Alchemilla sericoneura","R","not in naturadb"
"Alchemilla glaucescens","3","not in naturadb"
"Alchemilla plicata","3","not in naturadb"
"Alchemilla splendens","R","not in naturadb"
"Alchemilla carniolica","R","not in naturadb"
"Alchemilla compta","R","not in naturadb"
"Alchemilla cymatophylla","R","not in naturadb"
"Alchemilla filicaulis","V","not in naturadb"
"Alchemilla frigens","R","not in naturadb"
"Alchemilla glabricaulis f.","R","not in naturadb"
"Alchemilla glomerulans","2","not in naturadb"
"Alchemilla hirtipes","R","not in naturadb"
"Alchemilla longituba","R","not in naturadb"
"Alchemilla obscura","R","not in naturadb"
"Alchemilla obtusa","2","not in naturadb"
"Alchemilla propinqua","3","not in naturadb"
"Alchemilla racemulosa","R","not in naturadb"
"Alchemilla rubristipula","R","not in naturadb"
"Alchemilla semisecta","R","not in naturadb"
"Alchemilla subglobosa","3","not in naturadb"
"Alchemilla tenuis","R","not in naturadb"
"Alchemilla tirolensis","R","not in naturadb"
"Alchemilla versipila","R","not in naturadb"
"Aldrovanda vesiculosa","0","not in naturadb"
"Alisma gramineum","3","not in naturadb"
"Allium angulosum","3","naturadb"
"Allium carinatum","3","naturadb"
"Allium cirrhosum","1","naturadb"
"Allium lusitanicum","3","naturadb"
"Allium rotundum","3","naturadb"
"Allium schoenoprasum","V","naturadb"
"Allium sphaerocephalon","3","naturadb"
"Allium strictum","2","naturadb"
"Allium suaveolens","3","naturadb"
"Alopecurus arundinaceus","2","not in naturadb"
"Alopecurus bulbosus","2","not in naturadb"
"Alopecurus rendlei","1","not in naturadb"
"Althaea hirsuta","3","not in naturadb"
"Althaea officinalis","3","naturadb"
"Alyssum alyssoides","3","naturadb"
"Alyssum montanum","3","naturadb"
"Amaranthus blitum","3","not in naturadb"
"Anagallis foemina","3","not in naturadb"
"Anagallis minima","2","not in naturadb"
"Anagallis tenella","2","naturadb"
"Anarrhinum bellidifolium","2","naturadb"
"Anchusa officinalis","V","naturadb"
"Andromeda polifolia","3","naturadb"
"Androsace elongata","1","not in naturadb"
"Androsace hausmannii","R","not in naturadb"
"Androsace lactea","3","not in naturadb"
"Androsace maxima","0","not in naturadb"
"Androsace obtusifolia","1","not in naturadb"
"Androsace septentrionalis","1","not in naturadb"
"Anemonastrum narcissiflorum","3","not in naturadb"
"Anemone baldensis","R","not in naturadb"
"Anemone sylvestris","3","naturadb"
"Angelica palustris","2","naturadb"
"Antennaria carpatica","3","not in naturadb"
"Antennaria dioica","3","naturadb"
"Anthemis arvensis","V","naturadb"
"Anthemis austriaca","V","naturadb"
"Anthemis cotula","V","not in naturadb"
"Anthericum liliago","V","naturadb"
"Anthericum ramosum","V","naturadb"
"Aphanes australis Rydb.","V","not in naturadb"
"Apium graveolens","3","naturadb"
"Aquilegia einseleana","R","not in naturadb"
"Aquilegia vulgaris","V","naturadb"
"Arabidopsis lyrata","2","not in naturadb"
"Arabis auriculata","2","not in naturadb"
"Arabis hirsuta","V","naturadb"
"Arabis nemorensis","2","not in naturadb"
"Arabis sagittata","3","not in naturadb"
"Arctostaphylos uva-ursi","2","naturadb"
"Arenaria ciliata","R","not in naturadb"
"Aristolochia clematitis","V","naturadb"
"Armeria arenaria","0","naturadb"
"Armeria maritima","V","naturadb"
"Armeria purpurea","1","not in naturadb"
"Arnica montana","3","naturadb"
"Arnoseris minima","2","not in naturadb"
"Artemisia laciniata","0","not in naturadb"
"Artemisia mutellina","R","not in naturadb"
"Artemisia rupestris","1","not in naturadb"
"Artemisia scoparia","1","naturadb"
"Arum cylindraceum","R","not in naturadb"
"Asperugo procumbens","2","not in naturadb"
"Asperula arvensis","0","not in naturadb"
"Asperula cynanchica","V","naturadb"
"Asperula neilreichii","R","not in naturadb"
"Asperula tinctoria","3","naturadb"
"Asplenium adiantum-nigrum","3","not in naturadb"
"Asplenium cuneifolium","2","not in naturadb"
"Asplenium adulterinum","2","not in naturadb"
"Asplenium ceterach","3","not in naturadb"
"Asplenium fissum","2","not in naturadb"
"Asplenium fontanum","R","not in naturadb"
"Asplenium obovatum","R","not in naturadb"
"Asplenium seelosii","R","not in naturadb"
"Asplenium septentrionale","V","not in naturadb"
"Asplenium viride","V","not in naturadb"
"Aster amellus","3","naturadb"
"Astragalus alpinus","1","naturadb"
"Astragalus arenarius","2","not in naturadb"
"Astragalus australis","1","not in naturadb"
"Astragalus cicer","V","naturadb"
"Astragalus danicus","3","not in naturadb"
"Astragalus exscapus","2","not in naturadb"
"Astragalus penduliflorus","R","not in naturadb"
"Astrantia bavarica","3","naturadb"
"Atocion armeria","3","not in naturadb"
"Atriplex laciniata","1","not in naturadb"
"Atriplex pedunculata","3","not in naturadb"
"Atriplex calotheca","2","naturadb"
"Atriplex glabriuscula","2","not in naturadb"
"Atriplex praecox","R","not in naturadb"
"Atriplex rosea","3","not in naturadb"
"Aurinia saxatilis","3","not in naturadb"
"Baldellia ranunculoides","2","naturadb"
"Bassia laniflora","2","not in naturadb"
"Betonica officinalis","V","not in naturadb"
"Betula humilis","2","naturadb"
"Betula nana","1","naturadb"
"Blackstonia acuminata","2","not in naturadb"
"Blackstonia perfoliata","2","not in naturadb"
"Blysmus compressus","2","not in naturadb"
"Blysmus rufus","2","not in naturadb"
"Bothriochloa ischoemum","3","not in naturadb"
"Botrychium lunaria","3","not in naturadb"
"Botrychium matricariifolium","2","not in naturadb"
"Botrychium multifidum","1","not in naturadb"
"Botrychium simplex","1","not in naturadb"
"Botrychium virginianum","1","not in naturadb"
"Brassica oleracea","R","naturadb"
"Bromus arvensis","V","not in naturadb"
"Bromus brachystachys","0","not in naturadb"
"Bromus racemosus","3","not in naturadb"
"Bromus grossus","2","not in naturadb"
"Bryonia alba","V","naturadb"
"Buglossoides arvensis","V","not in naturadb"
"Buglossoides incrassata","3","not in naturadb"
"Buglossoides purpurocaerulea","V","naturadb"
"Bunium bulbocastanum","3","not in naturadb"
"Bupleurum falcatum","V","naturadb"
"Bupleurum longifolium","3","naturadb"
"Bupleurum ranunculoides","R","naturadb"
"Bupleurum rotundifolium","2","naturadb"
"Bupleurum tenuissimum","2","not in naturadb"
"Bupleurum virgatum","1","not in naturadb"
"Buxus sempervirens","3","naturadb"
"Calamagrostis rivalis","2","not in naturadb"
"Calamagrostis pseudophragmites","2","naturadb"
"Calamagrostis stricta","3","not in naturadb"
"Calamagrostis varia","V","naturadb"
"Calamintha foliosa","R","not in naturadb"
"Calamintha nepeta","1","naturadb"
"Caldesia parnassifolia","1","not in naturadb"
"Calendula arvensis","1","naturadb"
"Calla palustris","V","naturadb"
"Callitriche hermaphroditica","2","not in naturadb"
"Callitriche brutia","1","not in naturadb"
"Callitriche cophocarpa","V","not in naturadb"
"Caltha palustris","V","naturadb"
"Calystegia soldanella","1","not in naturadb"
"Camelina alyssum","0","not in naturadb"
"Camelina microcarpa","V","not in naturadb"
"Campanula alpina","R","not in naturadb"
"Campanula bononiensis","2","naturadb"
"Campanula cervicaria","1","naturadb"
"Campanula glomerata","3","naturadb"
"Campanula patula","V","naturadb"
"Campanula baumgartenii","3","not in naturadb"
"Campanula sibirica","2","naturadb"
"Campanula thyrsoides","3","not in naturadb"
"Cardamine alpina","R","naturadb"
"Cardamine enneaphyllos","V","not in naturadb"
"Cardamine parviflora","3","not in naturadb"
"Cardamine resedifolia","R","not in naturadb"
"Carduus defloratus","V","naturadb"
"Carduus personata","V","not in naturadb"
"Carex appropinquata","3","not in naturadb"
"Carex aquatilis","3","not in naturadb"
"Carex colchica","V","not in naturadb"
"Carex pseudobrizoides","3","not in naturadb"
"Carex atherodes","R","not in naturadb"
"Carex baldensis","2","not in naturadb"
"Carex bigelowii","2","not in naturadb"
"Carex binervis","3","not in naturadb"
"Carex bohemica","3","not in naturadb"
"Carex buekii","3","not in naturadb"
"Carex buxbaumii","2","not in naturadb"
"Carex hartmaniorum","2","not in naturadb"
"Carex brunnescens","3","not in naturadb"
"Carex capitata","0","not in naturadb"
"Carex caryophyllea","V","naturadb"
"Carex cespitosa","3","not in naturadb"
"Carex chordorrhiza f.","2","not in naturadb"
"Carex curvula","0","not in naturadb"
"Carex davalliana","3","naturadb"
"Carex depauperata","1","not in naturadb"
"Carex diandra","2","naturadb"
"Carex dioica","2","not in naturadb"
"Carex distans","3","not in naturadb"
"Carex ericetorum","3","naturadb"
"Carex extensa","V","not in naturadb"
"Carex demissa","V","not in naturadb"
"Carex flava","V","naturadb"
"Carex lepidocarpa","3","not in naturadb"
"Carex viridula","V","not in naturadb"
"Carex frigida","R","not in naturadb"
"Carex fuliginosa","R","not in naturadb"
"Carex halleriana","R","not in naturadb"
"Carex heleonastes f.","1","not in naturadb"
"Carex hordeistichos","2","not in naturadb"
"Carex hostiana","2","not in naturadb"
"Carex humilis","V","naturadb"
"Carex laevigata","3","not in naturadb"
"Carex lasiocarpa","3","not in naturadb"
"Carex limosa","2","not in naturadb"
"Carex loliacea","0","not in naturadb"
"Carex melanostachya","R","not in naturadb"
"Carex michelii","1","not in naturadb"
"Carex microglochin","0","not in naturadb"
"Carex microstachya","0","not in naturadb"
"Carex obtusata","1","naturadb"
"Carex pallidula","R","not in naturadb"
"Carex panicea","V","naturadb"
"Carex pauciflora","3","not in naturadb"
"Carex paupercula","3","not in naturadb"
"Carex praecox","V","not in naturadb"
"Carex pulicaris","2","not in naturadb"
"Carex punctata","1","not in naturadb"
"Carex rupestris","1","not in naturadb"
"Carex secalina","1","not in naturadb"
"Carex simpliciuscula","R","not in naturadb"
"Carex supina","2","not in naturadb"
"Carex tomentosa","3","not in naturadb"
"Carex trinervis","2","not in naturadb"
"Carex umbrosa","V","naturadb"
"Carex vaginata","R","not in naturadb"
"Carex vulpina","V","naturadb"
"Carlina acaulis","V","naturadb"
"Carlina biebersteinii","3","not in naturadb"
"Carpesium cernuum","0","not in naturadb"
"Carum verticillatum","0","not in naturadb"
"Catabrosa aquatica","2","not in naturadb"
"Caucalis platycarpos","2","not in naturadb"
"Centaurea cyanus","V","naturadb"
"Centaurea phrygia","1","naturadb"
"Centaurea pseudophrygia","3","naturadb"
"Centaurea triumfettii","1","naturadb"
"Centaurium capitatum","R","not in naturadb"
"Centaurium pulchellum","V","not in naturadb"
"Cephalanthera longifolia","V","not in naturadb"
"Cephalanthera rubra","V","not in naturadb"
"Cerastium alpinum","R","not in naturadb"
"Cerastium diffusum","3","not in naturadb"
"Cerastium latifolium","R","not in naturadb"
"Cerastium uniflorum","R","not in naturadb"
"Ceratocephala falcata","0","not in naturadb"
"Ceratophyllum platyacanthum","0","not in naturadb"
"Cerinthe minor","3","naturadb"
"Chamaecytisus ratisbonensis","3","naturadb"
"Chamaecytisus supinus","3","naturadb"
"Chenopodium opulifolium","3","not in naturadb"
"Chenopodium bonus-henricus","3","naturadb"
"Chenopodium murale","2","not in naturadb"
"Chenopodium chenopodioides","2","not in naturadb"
"Chenopodium urbicum","1","not in naturadb"
"Chenopodium vulvaria","2","not in naturadb"
"Chimaphila umbellata","2","not in naturadb"
"Chlorocrepis staticifolia","V","not in naturadb"
"Chondrilla chondrilloides","1","not in naturadb"
"Cicendia filiformis","2","not in naturadb"
"Cicerbita plumieri","R","naturadb"
"Cicuta virosa","V","naturadb"
"Cirsium acaulon","V","naturadb"
"Cirsium canum","2","naturadb"
"Cirsium dissectum","2","not in naturadb"
"Cirsium heterophyllum","V","not in naturadb"
"Cirsium rivulare","3","naturadb"
"Cirsium tuberosum","3","naturadb"
"Cladium mariscus","3","naturadb"
"Clematis recta","3","naturadb"
"Cochlearia anglica","V","not in naturadb"
"Cochlearia bavarica","2","not in naturadb"
"Cochlearia officinalis","2","naturadb"
"Cochlearia pyrenaica","2","not in naturadb"
"Coeloglossum viride","2","not in naturadb"
"Coleanthus subtilis","V","not in naturadb"
"Comastoma tenellum","R","not in naturadb"
"Conringia orientalis","1","not in naturadb"
"Consolida regalis","3","naturadb"
"Corallorhiza trifida","3","not in naturadb"
"Cornus suecica","1","not in naturadb"
"Coronilla coronata","3","naturadb"
"Coronilla vaginalis","3","naturadb"
"Corrigiola litoralis","3","not in naturadb"
"Corydalis pumila","V","naturadb"
"Cotoneaster integerrimus","V","naturadb"
"Cotoneaster tomentosus","V","not in naturadb"
"Crambe maritima","3","naturadb"
"Crassula aquatica","0","not in naturadb"
"Crassula tillaea","2","not in naturadb"
"Crataegus lindmanii","3","not in naturadb"
"Crataegus rhipidophylla","2","not in naturadb"
"Crepis alpestris","3","not in naturadb"
"Crepis conyzifolia","3","not in naturadb"
"Crepis foetida","V","not in naturadb"
"Crepis mollis","3","not in naturadb"
"Crepis pontana","3","not in naturadb"
"Crepis praemorsa","2","not in naturadb"
"Crithmum maritimum","R","naturadb"
"Crocus albiflorus","3","not in naturadb"
"Cryptogramma crispa","2","not in naturadb"
"Cuscuta epilinum","0","not in naturadb"
"Cuscuta epithymum","3","not in naturadb"
"Cyclamen purpurascens","3","naturadb"
"Cynoglossum germanicum","V","not in naturadb"
"Cynoglossum officinale","V","naturadb"
"Cyperus flavescens","1","not in naturadb"
"Cyperus fuscus","3","not in naturadb"
"Cyperus longus","1","naturadb"
"Cyperus michelianus","1","not in naturadb"
"Cypripedium calceolus","3","not in naturadb"
"Cystopteris dickieana","R","not in naturadb"
"Cystopteris sudetica","R","not in naturadb"
"Cytisus nigricans","3","naturadb"
"Dactylorhiza incarnata","3","naturadb"
"Dactylorhiza ochroleuca","2","not in naturadb"
"Dactylorhiza fuchsii","V","not in naturadb"
"Dactylorhiza maculata","3","not in naturadb"
"Dactylorhiza curvifolia","1","not in naturadb"
"Dactylorhiza lapponica","3","not in naturadb"
"Dactylorhiza majalis","3","not in naturadb"
"Dactylorhiza praetermissa","V","naturadb"
"Dactylorhiza ruthei","2","not in naturadb"
"Dactylorhiza sphagnicola","2","not in naturadb"
"Dactylorhiza traunsteineri","2","not in naturadb"
"Dactylorhiza vosagiaca","R","not in naturadb"
"Dactylorhiza sambucina","2","not in naturadb"
"Danthonia alpina","1","not in naturadb"
"Danthonia decumbens","V","naturadb"
"Daphne cneorum","2","naturadb"
"Daphne laureola","R","not in naturadb"
"Deschampsia rhenana","1","not in naturadb"
"Deschampsia wibeliana","3","not in naturadb"
"Deschampsia media","1","not in naturadb"
"Deschampsia setacea","2","not in naturadb"
"Dianthus arenarius","1","naturadb"
"Dianthus carthusianorum","V","naturadb"
"Dianthus deltoides","V","naturadb"
"Dianthus gratianopolitanus","3","naturadb"
"Dianthus superbus","3","naturadb"
"Dianthus sylvaticus","3","not in naturadb"
"Dianthus sylvestris","R","naturadb"
"Dichoropetalum carvifolia","3","naturadb"
"Dictamnus albus","3","naturadb"
"Digitalis grandiflora","V","naturadb"
"Dioscorea communis","V","not in naturadb"
"Diphasiastrum alpinum","2","not in naturadb"
"Diphasiastrum complanatum","2","not in naturadb"
"Diphasiastrum issleri","2","not in naturadb"
"Diphasiastrum oellgaardii","1","not in naturadb"
"Diphasiastrum tristachyum","2","not in naturadb"
"Diphasiastrum zeilleri","2","not in naturadb"
"Doronicum columnae","R","not in naturadb"
"Doronicum glaciale","R","not in naturadb"
"Dorycnium germanicum","3","not in naturadb"
"Draba aizoides","3","naturadb"
"Draba dubia","R","not in naturadb"
"Draba fladnizensis","R","not in naturadb"
"Draba incana","R","not in naturadb"
"Draba sauteri","R","not in naturadb"
"Draba siliquosa","R","not in naturadb"
"Dracocephalum ruyschiana","0","naturadb"
"Drosera anglica","2","not in naturadb"
"Drosera intermedia","3","not in naturadb"
"Drosera rotundifolia","3","not in naturadb"
"Drymocallis rupestris","3","not in naturadb"
"Dryopteris cristata","3","naturadb"
"Dryopteris oreades","R","not in naturadb"
"Elatine alsinastrum","2","not in naturadb"
"Elatine hexandra","3","not in naturadb"
"Elatine hydropiper","3","not in naturadb"
"Elatine triandra","3","not in naturadb"
"Eleocharis acicularis","V","naturadb"
"Eleocharis multicaulis","2","not in naturadb"
"Eleocharis ovata","3","not in naturadb"
"Eleocharis uniglumis","V","not in naturadb"
"Eleocharis parvula","2","not in naturadb"
"Eleocharis quinqueflora","2","not in naturadb"
"Elymus arenosus","2","not in naturadb"
"Elymus hispidus","3","not in naturadb"
"Empetrum nigrum","V","naturadb"
"Epilobium anagallidifolium","2","not in naturadb"
"Epilobium collinum","V","not in naturadb"
"Epilobium duriaei","R","not in naturadb"
"Epilobium fleischeri","1","naturadb"
"Epilobium nutans","2","not in naturadb"
"Epilobium obscurum","V","not in naturadb"
"Epilobium palustre","V","naturadb"
"Epipactis atrorubens","V","not in naturadb"
"Epipactis albensis","1","not in naturadb"
"Epipactis bugacensis","R","not in naturadb"
"Epipactis muelleri","V","not in naturadb"
"Epipactis phyllanthes","2","not in naturadb"
"Epipactis microphylla","3","not in naturadb"
"Epipactis palustris","3","not in naturadb"
"Epipactis purpurata","V","not in naturadb"
"Epipogium aphyllum","2","not in naturadb"
"Equisetum meridionale","R","not in naturadb"
"Equisetum moorei","2","not in naturadb"
"Equisetum pratense","V","not in naturadb"
"Equisetum ramosissimum","3","not in naturadb"
"Equisetum trachyodon","2","not in naturadb"
"Equisetum variegatum","2","naturadb"
"Erica carnea","V","naturadb"
"Erica cinerea","2","naturadb"
"Erica tetralix","V","naturadb"
"Erigeron angulosus","1","not in naturadb"
"Erigeron droebachiensis","1","not in naturadb"
"Erigeron neglectus","R","not in naturadb"
"Erigeron atticus","1","not in naturadb"
"Erigeron schleicheri","R","not in naturadb"
"Eriophorum angustifolium","V","naturadb"
"Eriophorum gracile","1","not in naturadb"
"Eriophorum latifolium","3","naturadb"
"Eriophorum scheuchzeri","3","not in naturadb"
"Eriophorum vaginatum","V","naturadb"
"Erucastrum gallicum","V","not in naturadb"
"Eryngium campestre","V","naturadb"
"Eryngium maritimum","2","naturadb"
"Eryngium planum","1","naturadb"
"Erysimum marschallianum","G","not in naturadb"
"Erysimum odoratum","3","naturadb"
"Erysimum repandum","2","not in naturadb"
"Euphorbia angulata","2","not in naturadb"
"Euphorbia epithymoides","0","naturadb"
"Euphorbia falcata","1","not in naturadb"
"Euphorbia illirica","1","not in naturadb"
"Euphorbia lucida","2","not in naturadb"
"Euphorbia palustris","3","naturadb"
"Euphorbia platyphyllos","3","not in naturadb"
"Euphorbia seguieriana","3","naturadb"
"Euphorbia verrucosa","V","naturadb"
"Euphrasia hirtella","R","not in naturadb"
"Euphrasia frigida","2","not in naturadb"
"Euphrasia micrantha","2","not in naturadb"
"Euphrasia nemorosa","3","not in naturadb"
"Euphrasia kerneri","1","not in naturadb"
"Euphrasia officinalis","3","not in naturadb"
"Fagopyrum tataricum","0","naturadb"
"Festuca heterophylla","V","not in naturadb"
"Festuca albensis","2","not in naturadb"
"Festuca csikhegyensis","3","not in naturadb"
"Festuca duvalii","3","not in naturadb"
"Festuca heteropachys","3","not in naturadb"
"Festuca laevigata","R","not in naturadb"
"Festuca longifolia","R","not in naturadb"
"Festuca ovina","V","naturadb"
"Festuca pallens","V","not in naturadb"
"Festuca patzkei","1","not in naturadb"
"Festuca polesica","3","not in naturadb"
"Festuca psammophila","3","not in naturadb"
"Festuca pulchra","3","not in naturadb"
"Festuca rupicola","V","not in naturadb"
"Festuca supina","R","not in naturadb"
"Festuca valesiaca","3","naturadb"
"Festuca trichophylla","R","not in naturadb"
"Festuca norica","R","not in naturadb"
"Filago gallica","0","not in naturadb"
"Filago germanica","3","not in naturadb"
"Filago lutescens","2","not in naturadb"
"Filago pyramidata","1","not in naturadb"
"Filago neglecta","0","not in naturadb"
"Filipendula vulgaris","3","naturadb"
"Fourraea alpina","V","not in naturadb"
"Fragaria moschata","V","naturadb"
"Fritillaria meleagris","3","naturadb"
"Fumana procumbens","2","naturadb"
"Fumaria parviflora","2","not in naturadb"
"Fumaria vaillantii","V","not in naturadb"
"Fumaria rostellata","3","not in naturadb"
"Fumaria schleicheri","3","not in naturadb"
"Gagea bohemica f.","3","not in naturadb"
"Gagea fragifera","R","not in naturadb"
"Gagea minima","3","not in naturadb"
"Gagea marchica","R","not in naturadb"
"Gagea villosa","V","naturadb"
"Galanthus nivalis","V","naturadb"
"Galatella linosyris f.","3","not in naturadb"
"Galeopsis ladanum","2","naturadb"
"Galeopsis segetum","V","naturadb"
"Galium spurium","3","not in naturadb"
"Galium boreale","V","naturadb"
"Galium glaucum","V","naturadb"
"Galium truniacum","R","not in naturadb"
"Galium noricum","R","not in naturadb"
"Galium parisiense","1","not in naturadb"
"Galium pumilum","V","naturadb"
"Galium sterneri","R","not in naturadb"
"Galium valdepilosum","2","not in naturadb"
"Galium intermedium","2","not in naturadb"
"Galium tricornutum","2","not in naturadb"
"Galium wirtgenii","V","not in naturadb"
"Genista anglica","3","naturadb"
"Genista germanica","3","naturadb"
"Genista pilosa","V","naturadb"
"Genista sagittalis","V","naturadb"
"Genista tinctoria","V","naturadb"
"Gentiana acaulis","3","naturadb"
"Gentiana clusii","V","naturadb"
"Gentiana cruciata","2","naturadb"
"Gentiana lutea","3","naturadb"
"Gentiana pneumonanthe","2","naturadb"
"Gentiana punctata","3","naturadb"
"Gentiana purpurea","R","not in naturadb"
"Gentiana utriculosa","2","not in naturadb"
"Gentiana verna","3","naturadb"
"Gentianella amarella","2","not in naturadb"
"Gentianella uliginosa","1","not in naturadb"
"Gentianella campestris","3","not in naturadb"
"Gentianella germanica","V","naturadb"
"Gentianella lutescens","1","not in naturadb"
"Gentianella praecox","1","not in naturadb"
"Gentianopsis ciliata","V","not in naturadb"
"Geranium bohemicum","1","not in naturadb"
"Geranium divaricatum","1","not in naturadb"
"Geranium phaeum","3","naturadb"
"Geranium sanguineum","V","naturadb"
"Geum reptans","R","not in naturadb"
"Gladiolus imbricatus","1","not in naturadb"
"Gladiolus palustris","2","naturadb"
"Glaucium corniculatum","2","not in naturadb"
"Glaucium flavum","R","naturadb"
"Glebionis segetum","V","naturadb"
"Globularia bisnagarica","3","naturadb"
"Goodyera repens","3","not in naturadb"
"Gratiola officinalis","2","naturadb"
"Groenlandia densa","2","not in naturadb"
"Gymnadenia conopsea","V","naturadb"
"Gymnadenia densiflora","3","not in naturadb"
"Gymnadenia odoratissima","3","not in naturadb"
"Gypsophila fastigiata","3","naturadb"
"Gypsophila muralis","3","naturadb"
"Hammarbya paludosa","2","not in naturadb"
"Helianthemum apenninum","3","naturadb"
"Helianthemum canum","3","naturadb"
"Helianthemum nummularium","V","naturadb"
"Helichrysum arenarium","3","naturadb"
"Helichrysum luteoalbum","2","not in naturadb"
"Helictotrichon parlatorei","R","not in naturadb"
"Helictotrichon pratense","V","not in naturadb"
"Heliotropium europaeum","2","not in naturadb"
"Helleborus niger","3","naturadb"
"Helosciadium inundatum","2","not in naturadb"
"Helosciadium nodiflorum","3","not in naturadb"
"Helosciadium repens","2","not in naturadb"
"Heracleum austriacum","R","not in naturadb"
"Herminium monorchis","2","not in naturadb"
"Hieracium aphyllum","R","not in naturadb"
"Hieracium arolae","R","not in naturadb"
"Hieracium atratum","R","not in naturadb"
"Hieracium balbisianum","1","not in naturadb"
"Hieracium benzianum","3","not in naturadb"
"Hieracium bifidum","V","not in naturadb"
"Hieracium bocconei","R","not in naturadb"
"Hieracium bupleuroides","3","not in naturadb"
"Hieracium caesium","2","not in naturadb"
"Hieracium calocymum","0","not in naturadb"
"Hieracium canescens","1","not in naturadb"
"Hieracium chlorifolium","R","not in naturadb"
"Hieracium cirritum","2","not in naturadb"
"Hieracium cottetii","3","not in naturadb"
"Hieracium cryptocaesium","R","not in naturadb"
"Hieracium dasytrichum","R","not in naturadb"
"Hieracium dermophyllum","2","not in naturadb"
"Hieracium dollineri","1","not in naturadb"
"Hieracium franconicum","2","not in naturadb"
"Hieracium froelichianum","R","not in naturadb"
"Hieracium fuscocinereum","R","not in naturadb"
"Hieracium glanduliferum","R","not in naturadb"
"Hieracium harzianum","1","not in naturadb"
"Hieracium hypochoeroides","3","not in naturadb"
"Hieracium inuloides","R","not in naturadb"
"Hieracium kuekenthalianum","R","not in naturadb"
"Hieracium leucophaeum","R","not in naturadb"
"Hieracium lycopifolium","1","not in naturadb"
"Hieracium melanops","1","not in naturadb"
"Hieracium misaucinum","R","not in naturadb"
"Hieracium nigrescens","R","not in naturadb"
"Hieracium norvegicum","1","not in naturadb"
"Hieracium obscuratum","1","not in naturadb"
"Hieracium onosmoides","G","not in naturadb"
"Hieracium oxyodon","G","not in naturadb"
"Hieracium picroides","2","not in naturadb"
"Hieracium pietroszense","R","not in naturadb"
"Hieracium porrectum","R","not in naturadb"
"Hieracium prenanthoides","3","not in naturadb"
"Hieracium pseudalpinum","R","not in naturadb"
"Hieracium pseudocorymbosum","R","not in naturadb"
"Hieracium pseudodolichaetum","0","not in naturadb"
"Hieracium rapunculoides","R","not in naturadb"
"Hieracium rohacsense","R","not in naturadb"
"Hieracium saxifragum","3","not in naturadb"
"Hieracium schmidtii","3","not in naturadb"
"Hieracium serratum","R","not in naturadb"
"Hieracium simia","R","not in naturadb"
"Hieracium sommerfeltii","1","not in naturadb"
"Hieracium sparsiramum","R","not in naturadb"
"Hieracium subglaberrimum","R","not in naturadb"
"Hieracium subramosum","2","not in naturadb"
"Hieracium subrigidum","2","not in naturadb"
"Hieracium swantevitii","2","not in naturadb"
"Hieracium valoddae","R","not in naturadb"
"Hieracium wallrothianum","0","not in naturadb"
"Hieracium wilczekianum","R","not in naturadb"
"Hieracium adriaticiforme","1","not in naturadb"
"Hieracium aequimontis","1","not in naturadb"
"Hieracium angustifolium","R","not in naturadb"
"Hieracium arnoserioides","0","not in naturadb"
"Hieracium basifurcum","R","not in naturadb"
"Hieracium bifurcum","1","not in naturadb"
"Hieracium brachycomum","R","not in naturadb"
"Hieracium caespitosum","V","not in naturadb"
"Hieracium calodon","V","not in naturadb"
"Hieracium chlorops","0","not in naturadb"
"Hieracium chomatophilum","1","not in naturadb"
"Hieracium cinereiforme","1","not in naturadb"
"Hieracium cochleatum","1","not in naturadb"
"Hieracium corymbuloides","R","not in naturadb"
"Hieracium cymiflorum","2","not in naturadb"
"Hieracium cymosiforme","V","not in naturadb"
"Hieracium cymosum","3","not in naturadb"
"Hieracium dubium","1","not in naturadb"
"Hieracium duerkhemiense","G","not in naturadb"
"Hieracium echioides","3","not in naturadb"
"Hieracium euchaetiiforme","1","not in naturadb"
"Hieracium euchaetium","2","not in naturadb"
"Hieracium fallaciforme","R","not in naturadb"
"Hieracium floribundum","V","not in naturadb"
"Hieracium fuscescens","2","not in naturadb"
"Hieracium fuscum","R","not in naturadb"
"Hieracium heterodoxiforme","2","not in naturadb"
"Hieracium heterodoxum","2","not in naturadb"
"Hieracium hybridum","1","not in naturadb"
"Hieracium hypeuryum","2","not in naturadb"
"Hieracium iseranum","2","not in naturadb"
"Hieracium kalksburgense","1","not in naturadb"
"Hieracium lactucella","3","naturadb"
"Hieracium latisquamiforme","1","not in naturadb"
"Hieracium leptoclados","1","not in naturadb"
"Hieracium leptophyton","G","not in naturadb"
"Hieracium leucense","0","not in naturadb"
"Hieracium leucopsilon","2","not in naturadb"
"Hieracium longisquamum","R","not in naturadb"
"Hieracium macranthelum","1","not in naturadb"
"Hieracium nigricarinum","R","not in naturadb"
"Hieracium nothum","R","not in naturadb"
"Hieracium pachypilon","R","not in naturadb"
"Hieracium peterianum","R","not in naturadb"
"Hieracium piloselliflorum","2","not in naturadb"
"Hieracium pilosellinum","R","not in naturadb"
"Hieracium polymastix","R","not in naturadb"
"Hieracium rothianum","2","not in naturadb"
"Hieracium rubriflorum","R","not in naturadb"
"Hieracium rubrum","R","not in naturadb"
"Hieracium scandinavicum","1","not in naturadb"
"Hieracium schneidii","R","not in naturadb"
"Hieracium schultesii","2","not in naturadb"
"Hieracium sphaerocephalum","R","not in naturadb"
"Hieracium substoloniflorum","R","not in naturadb"
"Hieracium sulphureum","1","not in naturadb"
"Hieracium viridifolium","R","not in naturadb"
"Hieracium walteri-langii","G","not in naturadb"
"Hieracium zizianum","V","not in naturadb"
"Hierochloe australis","2","not in naturadb"
"Hierochloe hirta","1","not in naturadb"
"Hierochloe odorata","2","naturadb"
"Hippocrepis comosa","V","naturadb"
"Hippocrepis emerus","3","naturadb"
"Hippuris vulgaris","V","naturadb"
"Homogyne discolor","R","not in naturadb"
"Hordeum marinum","0","not in naturadb"
"Hordeum secalinum","3","not in naturadb"
"Horminum pyrenaicum","R","naturadb"
"Hornungia petraea","2","not in naturadb"
"Hornungia procumbens","V","not in naturadb"
"Hottonia palustris","V","naturadb"
"Huperzia selago","V","not in naturadb"
"Hyacinthoides non-scripta","R","naturadb"
"Hydrocharis morsus-ranae","V","naturadb"
"Hymenophyllum tunbrigense","1","not in naturadb"
"Hyoscyamus niger","3","naturadb"
"Hypericum elegans","2","not in naturadb"
"Hypericum elodes","2","naturadb"
"Hypericum montanum","V","naturadb"
"Hypochaeris glabra","2","naturadb"
"Hypochaeris maculata","2","naturadb"
"Hypochaeris uniflora","R","not in naturadb"
"Hypopitys monotropa","V","not in naturadb"
"Iberis amara","0","naturadb"
"Iberis linifolia","2","not in naturadb"
"Illecebrum verticillatum","2","not in naturadb"
"Inula britannica","V","naturadb"
"Inula ensifolia","0","naturadb"
"Inula germanica","3","not in naturadb"
"Inula helvetica","1","not in naturadb"
"Inula hirta","3","naturadb"
"Inula salicina","V","naturadb"
"Iris aphylla","2","naturadb"
"Iris pumila","G","naturadb"
"Iris sambucina","G","naturadb"
"Iris sibirica","3","naturadb"
"Iris spuria","2","naturadb"
"Iris variegata","1","naturadb"
"Isoetes echinospora","1","not in naturadb"
"Isoetes lacustris","2","not in naturadb"
"Isolepis fluitans","2","not in naturadb"
"Isolepis setacea","V","not in naturadb"
"Jasione laevis","3","naturadb"
"Juncus alpinoarticulatus","V","not in naturadb"
"Juncus atratus","1","not in naturadb"
"Juncus balticus","1","not in naturadb"
"Juncus capitatus","2","not in naturadb"
"Juncus filiformis","V","not in naturadb"
"Juncus pygmaeus","1","not in naturadb"
"Juncus sphaerocarpus","2","not in naturadb"
"Juncus squarrosus","V","not in naturadb"
"Juncus stygius","1","not in naturadb"
"Juncus subnodulosus","3","naturadb"
"Juncus tenageia f.","2","not in naturadb"
"Juncus trifidus","1","not in naturadb"
"Juniperus communis","V","naturadb"
"Juniperus sabina","3","naturadb"
"Jurinea cyanoides","2","not in naturadb"
"Kickxia elatine","3","not in naturadb"
"Kickxia spuria","3","naturadb"
"Knautia kitaibelii","0","not in naturadb"
"Knautia serpentinicola","R","not in naturadb"
"Knautia drymeia","2","naturadb"
"Knautia gracilis","2","not in naturadb"
"Koeleria arenaria","3","not in naturadb"
"Koeleria glauca","2","naturadb"
"Koeleria grandis","2","not in naturadb"
"Koeleria macrantha","V","not in naturadb"
"Koeleria pyramidata","V","naturadb"
"Koeleria vallesiana","1","not in naturadb"
"Lactuca perennis","3","naturadb"
"Lactuca quercina","2","not in naturadb"
"Lactuca saligna","1","not in naturadb"
"Lactuca viminea","0","not in naturadb"
"Lappula deflexa","2","not in naturadb"
"Lappula squarrosa","2","not in naturadb"
"Laser trilobum","3","naturadb"
"Laserpitium latifolium","V","naturadb"
"Laserpitium prutenicum","2","naturadb"
"Laserpitium siler","3","naturadb"
"Lathyrus aphaca","3","naturadb"
"Lathyrus bauhini","1","not in naturadb"
"Lathyrus heterophyllus","3","naturadb"
"Lathyrus hirsutus","3","not in naturadb"
"Lathyrus japonicus","3","not in naturadb"
"Lathyrus linifolius","V","naturadb"
"Lathyrus niger","V","naturadb"
"Lathyrus nissolia","3","not in naturadb"
"Lathyrus palustris","3","naturadb"
"Lathyrus pannonicus","R","not in naturadb"
"Leersia oryzoides","3","not in naturadb"
"Legousia hybrida","2","not in naturadb"
"Legousia speculum-veneris","2","naturadb"
"Leontodon incanus","3","not in naturadb"
"Leontopodium alpinum","2","naturadb"
"Leonurus cardiaca","2","naturadb"
"Leonurus marrubiastrum","3","not in naturadb"
"Lepidium coronopus","3","not in naturadb"
"Leucanthemopsis alpina","2","not in naturadb"
"Leucanthemum adustum","V","not in naturadb"
"Leucojum aestivum","3","naturadb"
"Leucojum vernum","V","naturadb"
"Ligusticum mutellinoides","R","not in naturadb"
"Lilium bulbiferum","3","not in naturadb"
"Limodorum abortivum","3","not in naturadb"
"Limonium binervosum","R","not in naturadb"
"Limosella aquatica","3","not in naturadb"
"Linaria arvensis","1","not in naturadb"
"Lindernia procumbens","2","not in naturadb"
"Linnaea borealis","1","not in naturadb"
"Linum flavum","2","naturadb"
"Linum alpinum","R","naturadb"
"Linum leonii","3","not in naturadb"
"Linum perenne","2","naturadb"
"Linum tenuifolium","3","naturadb"
"Linum viscosum","2","not in naturadb"
"Liparis loeselii","2","not in naturadb"
"Listera cordata","3","not in naturadb"
"Lithospermum officinale","V","naturadb"
"Littorella uniflora","2","not in naturadb"
"Lloydia serotina","R","not in naturadb"
"Lobelia dortmanna","1","not in naturadb"
"Lolium remotum","0","not in naturadb"
"Lolium temulentum","0","naturadb"
"Lomatogonium carinthiacum","R","not in naturadb"
"Loranthus europaeus","R","not in naturadb"
"Lotus tenuis","V","not in naturadb"
"Lotus maritimus","3","naturadb"
"Ludwigia palustris","2","not in naturadb"
"Luronium natans","2","not in naturadb"
"Luzula desvauxii","R","not in naturadb"
"Luzula exspectata","R","not in naturadb"
"Luzula congesta","3","not in naturadb"
"Luzula pallescens","2","not in naturadb"
"Luzula sudetica","3","not in naturadb"
"Luzula glabrata","R","not in naturadb"
"Luzula nivea","3","naturadb"
"Lycopodiella inundata","3","not in naturadb"
"Lycopodium annotinum","V","not in naturadb"
"Lycopodium clavatum","3","not in naturadb"
"Lycopus exaltatus f.","0","not in naturadb"
"Lysimachia thyrsiflora","V","naturadb"
"Lythrum hyssopifolia","2","naturadb"
"Malaxis monophyllos","3","not in naturadb"
"Malus sylvestris","V","naturadb"
"Malva pusilla","3","not in naturadb"
"Malva thuringiaca","3","not in naturadb"
"Marrubium peregrinum","1","not in naturadb"
"Marrubium vulgare","1","naturadb"
"Marsilea quadrifolia","1","not in naturadb"
"Matteuccia struthiopteris","V","naturadb"
"Medicago minima","V","not in naturadb"
"Melampyrum arvense","3","naturadb"
"Melampyrum cristatum","3","not in naturadb"
"Melampyrum nemorosum","V","naturadb"
"Melica ciliata","V","naturadb"
"Melica transsilvanica","V","naturadb"
"Melica picta","V","not in naturadb"
"Melilotus dentatus","3","not in naturadb"
"Melittis melissophyllum","3","naturadb"
"Mentha pulegium","3","naturadb"
"Menyanthes trifoliata","3","naturadb"
"Mercurialis ovata","3","not in naturadb"
"Mespilus germanica","V","naturadb"
"Meum athamanticum","V","naturadb"
"Mibora minima","2","not in naturadb"
"Micropyrum tenellum","0","not in naturadb"
"Minuartia austriaca","R","naturadb"
"Minuartia cherlerioides","R","not in naturadb"
"Minuartia hybrida","3","not in naturadb"
"Minuartia rubra","2","not in naturadb"
"Minuartia rupestris","R","not in naturadb"
"Minuartia setacea","2","not in naturadb"
"Minuartia stricta","1","not in naturadb"
"Minuartia caespitosa","3","not in naturadb"
"Minuartia verna","3","not in naturadb"
"Minuartia viscosa","1","not in naturadb"
"Misopates orontium","3","naturadb"
"Moenchia erecta","1","not in naturadb"
"Moneses uniflora","2","not in naturadb"
"Montia arvensis","3","not in naturadb"
"Montia fontana","V","not in naturadb"
"Muscari botryoides","3","naturadb"
"Muscari comosum","3","naturadb"
"Muscari neglectum","3","naturadb"
"Muscari tenuiflorum","3","not in naturadb"
"Myosotis discolor","V","not in naturadb"
"Myosotis rehsteineri","1","naturadb"
"Myosotis sparsiflora","3","not in naturadb"
"Myosotis decumbens","R","not in naturadb"
"Myrica gale","3","naturadb"
"Myricaria germanica","1","naturadb"
"Myriophyllum alterniflorum","2","not in naturadb"
"Myrrhis odorata","R","naturadb"
"Najas flexilis","0","not in naturadb"
"Najas minor","3","not in naturadb"
"Narcissus radiiflorus","1","not in naturadb"
"Narcissus pseudonarcissus","3","naturadb"
"Nardus stricta","V","naturadb"
"Narthecium ossifragum","3","not in naturadb"
"Nepeta cataria","3","naturadb"
"Nepeta nuda","2","not in naturadb"
"Neslia paniculata","3","not in naturadb"
"Nigella arvensis","1","naturadb"
"Nigritella dolomitensis","R","not in naturadb"
"Nigritella miniata","2","not in naturadb"
"Nigritella nigra f.","R","not in naturadb"
"Nigritella widderi","2","not in naturadb"
"Noccaea caerulescens","V","naturadb"
"Noccaea montana","3","naturadb"
"Nonea erecta","3","not in naturadb"
"Nuphar pumila","1","not in naturadb"
"Nuphar spenneriana","R","not in naturadb"
"Nymphaea candida","2","naturadb"
"Nymphoides peltata","3","naturadb"
"Odontites luteus","3","naturadb"
"Odontites litoralis","2","not in naturadb"
"Odontites vernus","3","not in naturadb"
"Oenanthe conioides","1","not in naturadb"
"Oenanthe fluviatilis","0","not in naturadb"
"Oenanthe crocata","R","naturadb"
"Oenanthe fistulosa","3","not in naturadb"
"Oenanthe lachenalii","3","not in naturadb"
"Oenanthe peucedanifolia","2","naturadb"
"Oenanthe silaifolia","0","not in naturadb"
"Omphalodes scorpioides","2","not in naturadb"
"Onobrychis arenaria","3","naturadb"
"Onobrychis montana","2","naturadb"
"Ononis natrix","0","naturadb"
"Ononis foetens","1","not in naturadb"
"Onosma arenaria","1","not in naturadb"
"Ophioglossum vulgatum","3","not in naturadb"
"Ophrys holoserica","3","not in naturadb"
"Ophrys insectifera","3","not in naturadb"
"Ophrys araneola","2","not in naturadb"
"Ophrys sphegodes","2","not in naturadb"
"Orchis anthropophora","3","not in naturadb"
"Orchis coriophora","1","not in naturadb"
"Orchis mascula","V","not in naturadb"
"Orchis militaris","3","not in naturadb"
"Orchis morio","2","not in naturadb"
"Orchis pallens","3","not in naturadb"
"Orchis palustris","1","not in naturadb"
"Orchis purpurea","V","not in naturadb"
"Orchis pyramidalis","3","not in naturadb"
"Orchis simia","2","not in naturadb"
"Orchis spitzelii","0","not in naturadb"
"Orchis tridentata","3","not in naturadb"
"Orchis ustulata","2","not in naturadb"
"Oreochloa disticha","R","not in naturadb"
"Orlaya grandiflora","1","naturadb"
"Ornithogalum pyrenaicum","3","not in naturadb"
"Orobanche alba","2","not in naturadb"
"Orobanche alsatica","2","not in naturadb"
"Orobanche bartlingii","2","not in naturadb"
"Orobanche mayeri","1","not in naturadb"
"Orobanche amethystea","2","not in naturadb"
"Orobanche arenaria","2","not in naturadb"
"Orobanche artemisiae-campestris","2","not in naturadb"
"Orobanche bohemica","1","not in naturadb"
"Orobanche caryophyllacea","3","not in naturadb"
"Orobanche coerulescens","1","not in naturadb"
"Orobanche elatior","3","not in naturadb"
"Orobanche flava","3","not in naturadb"
"Orobanche gracilis","3","not in naturadb"
"Orobanche hederae","3","not in naturadb"
"Orobanche kochii","R","not in naturadb"
"Orobanche lutea","3","not in naturadb"
"Orobanche minor","3","not in naturadb"
"Orobanche picridis","2","not in naturadb"
"Orobanche purpurea","3","not in naturadb"
"Orobanche ramosa","2","not in naturadb"
"Orobanche rapum-genistae","3","not in naturadb"
"Orobanche reticulata","3","not in naturadb"
"Orobanche rubi","2","not in naturadb"
"Orobanche salviae","2","not in naturadb"
"Orobanche teucrii","3","not in naturadb"
"Orthilia secunda","V","not in naturadb"
"Osmunda regalis","3","naturadb"
"Oxytropis pilosa","2","naturadb"
"Papaver alpinum","3","not in naturadb"
"Papaver hybridum","2","not in naturadb"
"Parapholis strigosa","3","not in naturadb"
"Parietaria officinalis","V","not in naturadb"
"Parnassia palustris","3","not in naturadb"
"Pedicularis oederi","R","not in naturadb"
"Pedicularis palustris","2","not in naturadb"
"Pedicularis rostratospicata","R","not in naturadb"
"Pedicularis sceptrum-carolinum","2","not in naturadb"
"Pedicularis sylvatica","3","not in naturadb"
"Pedicularis verticillata","R","not in naturadb"
"Peplis portula","V","not in naturadb"
"Petasites spurius","3","naturadb"
"Petrorhagia saxifraga","3","naturadb"
"Peucedanum alsaticum","3","naturadb"
"Peucedanum cervaria","V","naturadb"
"Peucedanum officinale","3","naturadb"
"Peucedanum oreoselinum","V","naturadb"
"Phleum alpinum","R","not in naturadb"
"Phleum arenarium","3","not in naturadb"
"Phleum paniculatum","2","not in naturadb"
"Phleum phleoides","V","naturadb"
"Physalis alkekengi","3","naturadb"
"Physalis alkekengi var. alkekengi","3","not in naturadb"
"Phyteuma betonicifolium","R","naturadb"
"Phyteuma hemisphaericum","1","not in naturadb"
"Phyteuma nigrum","V","naturadb"
"Phyteuma orbiculare","3","naturadb"
"Phyteuma ovatum","R","naturadb"
"Pilularia globulifera","2","not in naturadb"
"Pinguicula alpina","3","not in naturadb"
"Pinguicula vulgaris","3","not in naturadb"
"Pinus cembra","3","naturadb"
"Pinus rotundata","3","not in naturadb"
"Plantago strictissima","2","not in naturadb"
"Platanthera bifolia","3","naturadb"
"Platanthera fornicata","3","not in naturadb"
"Platanthera chlorantha","3","naturadb"
"Poa badensis","2","not in naturadb"
"Poa glauca","R","not in naturadb"
"Poa langiana","0","not in naturadb"
"Poa remota","V","not in naturadb"
"Polemonium caeruleum","3","naturadb"
"Polycnemum arvense","1","not in naturadb"
"Polycnemum verrucosum","0","not in naturadb"
"Polycnemum majus","2","not in naturadb"
"Polygala amara","3","naturadb"
"Polygala amarella","V","not in naturadb"
"Polygala calcarea","3","not in naturadb"
"Polygala comosa","V","naturadb"
"Polygala serpyllifolia","3","not in naturadb"
"Polygala vulgaris","V","naturadb"
"Polygonatum odoratum","V","naturadb"
"Polygonum oxyspermum","R","not in naturadb"
"Polygonum raii","R","not in naturadb"
"Polystichum setiferum","3","naturadb"
"Polystichum braunii","2","naturadb"
"Polystichum lonchitis","V","not in naturadb"
"Populus nigra","3","naturadb"
"Potamogeton acutifolius","3","not in naturadb"
"Potamogeton alpinus","3","not in naturadb"
"Potamogeton angustifolius","2","not in naturadb"
"Potamogeton coloratus","2","not in naturadb"
"Potamogeton compressus","2","not in naturadb"
"Potamogeton filiformis","2","not in naturadb"
"Potamogeton friesii","3","not in naturadb"
"Potamogeton gramineus","2","not in naturadb"
"Potamogeton lucens","V","naturadb"
"Potamogeton nitens","2","not in naturadb"
"Potamogeton nodosus","V","not in naturadb"
"Potamogeton obtusifolius","3","not in naturadb"
"Potamogeton helveticus","1","not in naturadb"
"Potamogeton perfoliatus","V","not in naturadb"
"Potamogeton polygonifolius","3","not in naturadb"
"Potamogeton praelongus","2","not in naturadb"
"Potamogeton berchtoldii","V","not in naturadb"
"Potamogeton pusillus","V","not in naturadb"
"Potamogeton rutilus","1","not in naturadb"
"Potamogeton trichoides","V","not in naturadb"
"Potentilla alba","3","naturadb"
"Potentilla anglica","V","naturadb"
"Potentilla clusiana","R","not in naturadb"
"Potentilla lindackeri","1","not in naturadb"
"Potentilla praecox","1","not in naturadb"
"Potentilla rhenana","1","not in naturadb"
"Potentilla schultzii","1","not in naturadb"
"Potentilla wismariensis","2","not in naturadb"
"Potentilla heptaphylla","V","not in naturadb"
"Potentilla inclinata","3","not in naturadb"
"Potentilla micrantha","V","not in naturadb"
"Potentilla supina","V","not in naturadb"
"Potentilla thuringiaca","2","not in naturadb"
"Potentilla incana","V","naturadb"
"Potentilla pusilla","3","not in naturadb"
"Primula auricula","3","naturadb"
"Primula clusiana","R","naturadb"
"Primula farinosa","3","naturadb"
"Primula hirsuta","R","naturadb"
"Primula matthioli","R","not in naturadb"
"Primula minima","R","not in naturadb"
"Primula pubescens","1","not in naturadb"
"Primula veris","V","naturadb"
"Primula vulgaris","3","naturadb"
"Prunella grandiflora","V","naturadb"
"Prunella laciniata","3","not in naturadb"
"Prunus domestica","V","naturadb"
"Prunus fruticosa","2","naturadb"
"Pseudorchis albida","3","not in naturadb"
"Pseudoturritis turrita","3","not in naturadb"
"Puccinellia capillaris Jansen","3","not in naturadb"
"Puccinellia limosa","2","not in naturadb"
"Pulicaria dysenterica","V","naturadb"
"Pulicaria vulgaris","3","not in naturadb"
"Pulmonaria angustifolia","2","naturadb"
"Pulmonaria collina","2","not in naturadb"
"Pulmonaria mollis","3","naturadb"
"Pulsatilla patens","1","naturadb"
"Pulsatilla pratensis","2","naturadb"
"Pulsatilla vernalis","2","not in naturadb"
"Pulsatilla vulgaris","3","naturadb"
"Pyrola chlorantha","2","not in naturadb"
"Pyrola media","2","not in naturadb"
"Pyrola minor","3","not in naturadb"
"Pyrola rotundifolia","3","not in naturadb"
"Quercus pubescens","3","naturadb"
"Radiola linoides","2","not in naturadb"
"Ranunculus aquatilis","V","naturadb"
"Ranunculus ololeucos","2","not in naturadb"
"Ranunculus penicillatus","V","not in naturadb"
"Ranunculus confervoides","R","not in naturadb"
"Ranunculus tripartitus","0","not in naturadb"
"Ranunculus arvensis","3","naturadb"
"Ranunculus aemulans","2","not in naturadb"
"Ranunculus alnetorum","1","not in naturadb"
"Ranunculus alsaticus","3","not in naturadb"
"Ranunculus ambranus","0","not in naturadb"
"Ranunculus basitruncatus","1","not in naturadb"
"Ranunculus biclaterae","R","not in naturadb"
"Ranunculus borchers-kolbiae","2","not in naturadb"
"Ranunculus cassubicifolius","3","not in naturadb"
"Ranunculus chrysoleptos","2","not in naturadb"
"Ranunculus constans","0","not in naturadb"
"Ranunculus dactylophyllus","2","not in naturadb"
"Ranunculus danubius","R","not in naturadb"
"Ranunculus doerrii","1","not in naturadb"
"Ranunculus excisus","R","not in naturadb"
"Ranunculus haasii","1","not in naturadb"
"Ranunculus hevellus","3","not in naturadb"
"Ranunculus indecorus","3","not in naturadb"
"Ranunculus inexspectans","R","not in naturadb"
"Ranunculus integerrimus","2","not in naturadb"
"Ranunculus irregularis","R","not in naturadb"
"Ranunculus kunzii","1","not in naturadb"
"Ranunculus leptomeris","3","not in naturadb"
"Ranunculus lunaris","2","not in naturadb"
"Ranunculus macrotis","R","not in naturadb"
"Ranunculus megacarpus","G","not in naturadb"
"Ranunculus mergenthaleri","2","not in naturadb"
"Ranunculus mosbachensis","R","not in naturadb"
"Ranunculus mosellanus","R","not in naturadb"
"Ranunculus multisectus","G","not in naturadb"
"Ranunculus opimus","3","not in naturadb"
"Ranunculus palmularis","1","not in naturadb"
"Ranunculus phragmiteti","2","not in naturadb"
"Ranunculus pseudoaemulans","3","not in naturadb"
"Ranunculus pseudocassubicus","R","not in naturadb"
"Ranunculus pseudopimus","R","not in naturadb"
"Ranunculus puberulus","G","not in naturadb"
"Ranunculus ratisbonensis","R","not in naturadb"
"Ranunculus recticaulis","2","not in naturadb"
"Ranunculus reichertii","R","not in naturadb"
"Ranunculus rhombilobus","2","not in naturadb"
"Ranunculus rostratulus","1","not in naturadb"
"Ranunculus rotundatus","3","not in naturadb"
"Ranunculus sorviodurus","R","not in naturadb"
"Ranunculus suevicus","G","not in naturadb"
"Ranunculus transiens","3","not in naturadb"
"Ranunculus variabilis","2","not in naturadb"
"Ranunculus varicus","3","not in naturadb"
"Ranunculus vertumnaliformis","R","not in naturadb"
"Ranunculus walo-kochii","G","not in naturadb"
"Ranunculus circinatus","V","not in naturadb"
"Ranunculus reptans","2","not in naturadb"
"Ranunculus fluitans","V","not in naturadb"
"Ranunculus glacialis","R","not in naturadb"
"Ranunculus hederaceus","2","not in naturadb"
"Ranunculus hybridus","R","not in naturadb"
"Ranunculus illyricus","2","not in naturadb"
"Ranunculus lingua","3","naturadb"
"Ranunculus carinthiacus","2","not in naturadb"
"Ranunculus villarsii","R","not in naturadb"
"Ranunculus parnassifolius","1","not in naturadb"
"Ranunculus polyanthemos","V","naturadb"
"Ranunculus sardous","3","not in naturadb"
"Ranunculus seguieri","0","not in naturadb"
"Rapistrum perenne","3","naturadb"
"Rhinanthus glacialis","V","not in naturadb"
"Rhinanthus riphaeus","0","not in naturadb"
"Rhinanthus serotinus","3","naturadb"
"Rhodiola rosea","1","naturadb"
"Rhododendron tomentosum","3","naturadb"
"Rhynchospora alba","3","not in naturadb"
"Rhynchospora fusca","2","not in naturadb"
"Ribes petraeum","R","naturadb"
"Rorippa islandica","R","not in naturadb"
"Rorippa pyrenaica","3","naturadb"
"Rosa agrestis","3","naturadb"
"Rosa arvensis","V","naturadb"
"Rosa caesia","3","not in naturadb"
"Rosa dumalis","V","naturadb"
"Rosa elliptica","3","naturadb"
"Rosa gallica","3","naturadb"
"Rosa glauca","3","naturadb"
"Rosa majalis","3","naturadb"
"Rosa marginata","3","not in naturadb"
"Rosa micrantha","V","naturadb"
"Rosa spinosissima","3","naturadb"
"Rosa abietina","1","not in naturadb"
"Rosa balsamica","V","not in naturadb"
"Rosa mollis","R","naturadb"
"Rosa pseudoscabriuscula","V","not in naturadb"
"Rosa sherardii","V","naturadb"
"Rosa villosa","V","naturadb"
"Rubus","1","not in naturadb"
"Rubus chamaemorus","1","naturadb"
"Rubus","V","not in naturadb"
"Rubus saxatilis","V","naturadb"
"Rubus cordiformis","3","not in naturadb"
"Rubus egregiusculus","3","not in naturadb"
"Rubus firmus","3","not in naturadb"
"Rubus frisicus","3","not in naturadb"
"Rubus glauciformis","1","not in naturadb"
"Rubus hallandicus","3","not in naturadb"
"Rubus hylanderi","R","not in naturadb"
"Rubus martensenii","3","not in naturadb"
"Rubus maximus","G","not in naturadb"
"Rubus mortensenii","2","not in naturadb"
"Rubus pedersenii","R","not in naturadb"
"Rubus perdemissus","V","not in naturadb"
"Rubus phoenicacanthus","1","not in naturadb"
"Rubus phylloglotta","2","not in naturadb"
"Rubus pseudopsis","R","not in naturadb"
"Rubus sendtneri","3","not in naturadb"
"Rubus septifolius","2","not in naturadb"
"Rubus sprengeliusculus","1","not in naturadb"
"Rubus suecicus","R","not in naturadb"
"Rubus sylvulicola","G","not in naturadb"
"Rubus tiliaster","3","not in naturadb"
"Rubus adscitus","R","not in naturadb"
"Rubus agricastrorum","R","not in naturadb"
"Rubus ambrosius","R","not in naturadb"
"Rubus amphistrophos","G","not in naturadb"
"Rubus anisacanthos","G","not in naturadb"
"Rubus arrheniiformis","R","not in naturadb"
"Rubus axillaris","R","not in naturadb"
"Rubus barberi","0","not in naturadb"
"Rubus beijerinckii","R","not in naturadb"
"Rubus bovinus","R","not in naturadb"
"Rubus calothyrsus","R","not in naturadb"
"Rubus calyculatus","R","not in naturadb"
"Rubus canaliculatus","G","not in naturadb"
"Rubus canescens","V","not in naturadb"
"Rubus cardiophyllus","2","not in naturadb"
"Rubus christianseniorum","3","not in naturadb"
"Rubus circipanicus","3","not in naturadb"
"Rubus clusii","V","not in naturadb"
"Rubus confusidens","2","not in naturadb"
"Rubus constrictus","3","not in naturadb"
"Rubus correctispinosus","2","not in naturadb"
"Rubus costaefolius","R","not in naturadb"
"Rubus distractus","V","not in naturadb"
"Rubus dufftianus Jansen","R","not in naturadb"
"Rubus edeesii","R","not in naturadb"
"Rubus egregius","V","not in naturadb"
"Rubus eideranus","2","not in naturadb"
"Rubus elatior","G","not in naturadb"
"Rubus euryanthemus","G","not in naturadb"
"Rubus gelertii","V","not in naturadb"
"Rubus gremlii","R","not in naturadb"
"Rubus guestphalicoides","2","not in naturadb"
"Rubus guestphalicus","3","not in naturadb"
"Rubus henrici-egonis","R","not in naturadb"
"Rubus henrici-weberi","R","not in naturadb"
"Rubus imbricatus","R","not in naturadb"
"Rubus incarnatus","3","not in naturadb"
"Rubus latiarcuatus","V","not in naturadb"
"Rubus libertianus","1","not in naturadb"
"Rubus ligniciensis","0","not in naturadb"
"Rubus lindebergii","3","not in naturadb"
"Rubus lusaticus","2","not in naturadb"
"Rubus macranthelos","R","not in naturadb"
"Rubus marianus","2","not in naturadb"
"Rubus micans","3","not in naturadb"
"Rubus murrayi","R","not in naturadb"
"Rubus naumannii","R","not in naturadb"
"Rubus nuptialis","V","not in naturadb"
"Rubus palaefolius","G","not in naturadb"
"Rubus pallidifolius","3","not in naturadb"
"Rubus passaviensis","R","not in naturadb"
"Rubus perpedatus","R","not in naturadb"
"Rubus perrobustus","R","not in naturadb"
"Rubus phyllostachys","G","not in naturadb"
"Rubus phyllothyrsos","1","not in naturadb"
"Rubus platycephalus","1","not in naturadb"
"Rubus poliothyrsus","R","not in naturadb"
"Rubus polyanthemus","V","not in naturadb"
"Rubus praticolor","R","not in naturadb"
"Rubus pseudothyrsanthus","3","not in naturadb"
"Rubus rhamnifolius","2","not in naturadb"
"Rubus rhombifolius","2","not in naturadb"
"Rubus rufescens","1","not in naturadb"
"Rubus scaber","2","not in naturadb"
"Rubus schlechtendaliiformis","G","not in naturadb"
"Rubus siekensis","V","not in naturadb"
"Rubus silvae-norticae","R","not in naturadb"
"Rubus sorbicus","G","not in naturadb"
"Rubus spinulatus","R","not in naturadb"
"Rubus stormanicus","2","not in naturadb"
"Rubus tabanimontanus","0","not in naturadb"
"Rubus trichanthus","R","not in naturadb"
"Rumex aquaticus","V","naturadb"
"Rumex nivalis","R","not in naturadb"
"Rumex palustris","V","not in naturadb"
"Ruppia maritima","2","not in naturadb"
"Ruppia spiralis","3","not in naturadb"
"Ruta graveolens","3","naturadb"
"Sagina alexandrae","1","not in naturadb"
"Sagina apetala","3","not in naturadb"
"Sagina maritima","V","not in naturadb"
"Sagina nodosa","2","naturadb"
"Sagina normaniana","R","not in naturadb"
"Salix bicolor","0","naturadb"
"Salix caesia","R","naturadb"
"Salix daphnoides","2","naturadb"
"Salix eleagnos","V","naturadb"
"Salix hastata","R","naturadb"
"Salix myrsinifolia","V","not in naturadb"
"Salix alpina","1","naturadb"
"Salix breviserrata","1","not in naturadb"
"Salix myrtilloides","1","naturadb"
"Salix rosmarinifolia","3","naturadb"
"Salix starkeana","1","naturadb"
"Salvia pratensis","V","naturadb"
"Salvinia natans","2","not in naturadb"
"Samolus valerandi","2","not in naturadb"
"Sanguisorba officinalis","V","naturadb"
"Saponaria ocymoides","2","naturadb"
"Saussurea alpina","R","not in naturadb"
"Saussurea discolor","R","not in naturadb"
"Saussurea pygmaea","R","not in naturadb"
"Saxifraga bryoides","R","not in naturadb"
"Saxifraga burseriana","R","not in naturadb"
"Saxifraga granulata","V","naturadb"
"Saxifraga hirculus","0","not in naturadb"
"Saxifraga kochii","R","not in naturadb"
"Saxifraga mutata","2","not in naturadb"
"Saxifraga rosacea","3","not in naturadb"
"Scabiosa canescens","3","naturadb"
"Scabiosa ochroleuca","3","naturadb"
"Scandix pecten-veneris","2","naturadb"
"Scheuchzeria palustris","2","not in naturadb"
"Schlagintweitia intybacea","R","naturadb"
"Schoenoplectus carinatus","2","not in naturadb"
"Schoenoplectus mucronatus","1","not in naturadb"
"Schoenoplectus pungens","1","not in naturadb"
"Schoenoplectus supinus","2","not in naturadb"
"Schoenoplectus triqueter","2","not in naturadb"
"Schoenus ferrugineus","3","not in naturadb"
"Schoenus intermedius","3","not in naturadb"
"Schoenus nigricans","2","naturadb"
"Scilla amoena","R","not in naturadb"
"Scilla vindobonensis","2","not in naturadb"
"Scirpoides holoschoenus","2","not in naturadb"
"Scirpus radicans","2","not in naturadb"
"Scleranthus verticillatus","2","not in naturadb"
"Scleranthus perennis","V","naturadb"
"Sclerochloa dura","3","not in naturadb"
"Scolochloa festucacea","3","not in naturadb"
"Scolochloa marchica","2","not in naturadb"
"Scorzonera austriaca","1","naturadb"
"Scorzonera hispanica","3","naturadb"
"Scorzonera humilis","3","naturadb"
"Scorzonera laciniata","3","not in naturadb"
"Scorzonera parviflora","2","not in naturadb"
"Scorzonera purpurea","2","naturadb"
"Scutellaria hastifolia","2","not in naturadb"
"Scutellaria minor","2","naturadb"
"Sedum alpestre","R","not in naturadb"
"Sedum annuum","1","not in naturadb"
"Sedum dasyphyllum","3","naturadb"
"Sedum rubens","1","not in naturadb"
"Sedum forsterianum","3","not in naturadb"
"Sedum villosum","1","not in naturadb"
"Selaginella helvetica","V","not in naturadb"
"Selinum carvifolia","V","naturadb"
"Selinum dubium","2","naturadb"
"Sempervivum arachnoideum","R","naturadb"
"Sempervivum barbulatum","R","not in naturadb"
"Sempervivum funckii","R","not in naturadb"
"Sempervivum globiferum","3","naturadb"
"Sempervivum montanum","R","naturadb"
"Senecio aquaticus","V","naturadb"
"Senecio carniolicus","1","not in naturadb"
"Senecio paludosus","3","naturadb"
"Senecio sarracenicus","3","naturadb"
"Serratula tinctoria","3","naturadb"
"Seseli annuum","3","naturadb"
"Seseli hippomarathrum","2","naturadb"
"Seseli libanotis","3","naturadb"
"Seseli montanum","1","naturadb"
"Sesleria ovata","R","not in naturadb"
"Sherardia arvensis","V","naturadb"
"Silaum silaus","V","naturadb"
"Silene baccifera","3","naturadb"
"Silene chlorantha","2","not in naturadb"
"Silene conica","3","not in naturadb"
"Silene cretica","0","not in naturadb"
"Silene gallica","1","not in naturadb"
"Silene nemoralis","1","not in naturadb"
"Silene linicola","0","not in naturadb"
"Silene noctiflora","3","naturadb"
"Silene otites","3","naturadb"
"Silene tatarica","2","not in naturadb"
"Silene viscosa","1","not in naturadb"
"Sisymbrium austriacum","3","not in naturadb"
"Sisymbrium strictissimum","V","not in naturadb"
"Soldanella austriaca","R","not in naturadb"
"Soldanella minima","R","not in naturadb"
"Soldanella montana","3","naturadb"
"Sorbus danubialis","3","not in naturadb"
"Sorbus collina","3","not in naturadb"
"Sorbus pannonica","G","not in naturadb"
"Sorbus domestica","3","naturadb"
"Sorbus doerriana","R","not in naturadb"
"Sorbus gauckleri","2","not in naturadb"
"Sorbus harziana","R","not in naturadb"
"Sorbus hohenesteri","1","not in naturadb"
"Sorbus pulchra","2","not in naturadb"
"Sorbus schwarziana","1","not in naturadb"
"Sorbus intermedia","R","naturadb"
"Sorbus adeana","R","not in naturadb"
"Sorbus badensis","3","not in naturadb"
"Sorbus cordigastensis","R","not in naturadb"
"Sorbus decipiens","R","not in naturadb"
"Sorbus eystettensis","2","not in naturadb"
"Sorbus fischeri","R","not in naturadb"
"Sorbus franconica","R","not in naturadb"
"Sorbus haesitans","2","not in naturadb"
"Sorbus herbipolitana","2","not in naturadb"
"Sorbus hoppeana","2","not in naturadb"
"Sorbus lonetalensis","R","not in naturadb"
"Sorbus meierottii","2","not in naturadb"
"Sorbus mergenthaleriana","1","not in naturadb"
"Sorbus meyeri","R","not in naturadb"
"Sorbus perlonga","R","not in naturadb"
"Sorbus puellarum","2","not in naturadb"
"Sorbus ratisbonensis","R","not in naturadb"
"Sorbus schnizleiniana","2","not in naturadb"
"Sorbus schuwerkiorum","2","not in naturadb"
"Sorbus seyboldiana","R","not in naturadb"
"Sorbus austriaca","R","naturadb"
"Sorbus mougeotii","R","not in naturadb"
"Sorbus pseudothuringiaca","3","not in naturadb"
"Sorbus algoviensis","1","not in naturadb"
"Sparganium angustifolium","2","not in naturadb"
"Sparganium natans","2","not in naturadb"
"Spergula morisonii","V","not in naturadb"
"Spergula pentandra","2","not in naturadb"
"Spergularia segetalis","0","not in naturadb"
"Spiranthes aestivalis","2","not in naturadb"
"Spiranthes spiralis","2","not in naturadb"
"Spirobassia hirsuta","2","not in naturadb"
"Stachys annua","2","not in naturadb"
"Stachys arvensis","3","not in naturadb"
"Stachys germanica","3","naturadb"
"Stachys recta","V","naturadb"
"Staphylea pinnata","3","naturadb"
"Stellaria crassifolia","0","not in naturadb"
"Stellaria longifolia","3","not in naturadb"
"Stellaria palustris","3","not in naturadb"
"Stipa capillata","3","naturadb"
"Stipa borysthenica","2","not in naturadb"
"Stipa dasyphylla","1","not in naturadb"
"Stipa eriocaulis","2","not in naturadb"
"Stipa pennata","3","naturadb"
"Stipa pulcherrima","2","naturadb"
"Stipa tirsa","2","not in naturadb"
"Stratiotes aloides","3","naturadb"
"Subularia aquatica","0","not in naturadb"
"Succisa pratensis","V","naturadb"
"Succisella inflexa","1","not in naturadb"
"Swertia perennis","2","not in naturadb"
"Tanacetum corymbosum","V","naturadb"
"Taraxacum adamii","3","not in naturadb"
"Taraxacum duplidentifrons","3","not in naturadb"
"Taraxacum gelertii","3","not in naturadb"
"Taraxacum albulense","R","not in naturadb"
"Taraxacum congestolobum","R","not in naturadb"
"Taraxacum cordatifolium","R","not in naturadb"
"Taraxacum grandiflorum","R","not in naturadb"
"Taraxacum krameriense","R","not in naturadb"
"Taraxacum ooststroomii","R","not in naturadb"
"Taraxacum podlechianum","R","not in naturadb"
"Taraxacum polycercum","R","not in naturadb"
"Taraxacum petiolulatum","R","not in naturadb"
"Taraxacum schmidianum","R","not in naturadb"
"Taraxacum vernelense","R","not in naturadb"
"Taraxacum","V","not in naturadb"
"Taraxacum bracteatum","3","not in naturadb"
"Taraxacum hygrophilum","2","not in naturadb"
"Taraxacum nordstedtii","3","not in naturadb"
"Taraxacum prionum","3","not in naturadb"
"Taraxacum reichlingii","2","not in naturadb"
"Taraxacum","R","not in naturadb"
"Taraxacum cucullatum","R","not in naturadb"
"Taraxacum tiroliense","R","not in naturadb"
"Taraxacum danubium","R","not in naturadb"
"Taraxacum discretum","R","not in naturadb"
"Taraxacum divulsum","R","not in naturadb"
"Taraxacum fulvum","R","not in naturadb"
"Taraxacum laetum","1","not in naturadb"
"Taraxacum limbatum","R","not in naturadb"
"Taraxacum magnolevigatum","R","not in naturadb"
"Taraxacum maricum","R","not in naturadb"
"Taraxacum multiglossum","R","not in naturadb"
"Taraxacum parvilobum","R","not in naturadb"
"Taraxacum penelobum","R","not in naturadb"
"Taraxacum rubicundum","V","not in naturadb"
"Taraxacum taeniatum","R","not in naturadb"
"Taraxacum tortilobum","V","not in naturadb"
"Taraxacum absurdum","R","not in naturadb"
"Taraxacum aurantellum","R","not in naturadb"
"Taraxacum fontanicola","R","not in naturadb"
"Taraxacum pohlii","R","not in naturadb"
"Taraxacum brabanticum","R","not in naturadb"
"Taraxacum ericinoides","R","not in naturadb"
"Taraxacum hamiferum","R","not in naturadb"
"Taraxacum kernianum","R","not in naturadb"
"Taraxacum lancidens","R","not in naturadb"
"Taraxacum marklundii","R","not in naturadb"
"Taraxacum polyhamatum","R","not in naturadb"
"Taraxacum pruinatum","R","not in naturadb"
"Taraxacum spiculatum","R","not in naturadb"
"Taraxacum subditivum","R","not in naturadb"
"Taraxacum litorale-Gruppe","2","not in naturadb"
"Taraxacum litorale","2","not in naturadb"
"Taraxacum","1","not in naturadb"
"Taraxacum euryphyllum","1","not in naturadb"
"Taraxacum lentiginosum","R","not in naturadb"
"Taraxacum maculigerum","1","not in naturadb"
"Taraxacum","3","not in naturadb"
"Taraxacum obliquum","1","not in naturadb"
"Taraxacum platyglossum","3","not in naturadb"
"Taraxacum ancoriferum","2","not in naturadb"
"Taraxacum austrinum","3","not in naturadb"
"Taraxacum balticiforme","1","not in naturadb"
"Taraxacum balticum","2","not in naturadb"
"Taraxacum bavaricum","2","not in naturadb"
"Taraxacum brandenburgicum","1","not in naturadb"
"Taraxacum delanghei","1","not in naturadb"
"Taraxacum dentatum","1","not in naturadb"
"Taraxacum frisicum","2","not in naturadb"
"Taraxacum gelricum","0","not in naturadb"
"Taraxacum geminidentatum","1","not in naturadb"
"Taraxacum germanicum","2","not in naturadb"
"Taraxacum heleocharis","2","not in naturadb"
"Taraxacum hollandicum","3","not in naturadb"
"Taraxacum irrigatum","1","not in naturadb"
"Taraxacum madidum","3","not in naturadb"
"Taraxacum memorabile","2","not in naturadb"
"Taraxacum multilepis","1","not in naturadb"
"Taraxacum neoaellenii","1","not in naturadb"
"Taraxacum palustre","2","not in naturadb"
"Taraxacum paucilobum","2","not in naturadb"
"Taraxacum pauckertianum","3","not in naturadb"
"Taraxacum pollichii","2","not in naturadb"
"Taraxacum spurium","1","not in naturadb"
"Taraxacum trilobifolium","2","not in naturadb"
"Taraxacum turfosum","2","not in naturadb"
"Taraxacum udum","2","not in naturadb"
"Taraxacum vindobonense","1","not in naturadb"
"Taraxacum schroeterianum","R","not in naturadb"
"Taraxacum rubrisquameum","R","not in naturadb"
"Taraxacum rutilum","3","not in naturadb"
"Taraxacum violaceifrons","R","not in naturadb"
"Taraxacum subalpinum","V","not in naturadb"
"Taxus baccata","V","naturadb"
"Tephroseris crispa","3","not in naturadb"
"Tephroseris helenitis","2","naturadb"
"Tephroseris integrifolia","2","not in naturadb"
"Tephroseris palustris","V","not in naturadb"
"Tephroseris tenuifolia","R","not in naturadb"
"Teucrium botrys","V","naturadb"
"Teucrium montanum","V","naturadb"
"Teucrium scordium","2","naturadb"
"Thalictrum flavum","V","naturadb"
"Thalictrum lucidum","3","naturadb"
"Thalictrum minus","V","naturadb"
"Thalictrum simplex","2","not in naturadb"
"Thelypteris palustris","V","naturadb"
"Thesium alpinum","3","not in naturadb"
"Thesium bavarum","3","naturadb"
"Thesium ebracteatum","1","not in naturadb"
"Thesium linophyllon","3","not in naturadb"
"Thesium pyrenaicum","3","not in naturadb"
"Thesium rostratum","3","not in naturadb"
"Thlaspi alliaceum","3","not in naturadb"
"Thymelaea passerina","2","not in naturadb"
"Thymus alpestris","R","not in naturadb"
"Thymus serpyllum","V","naturadb"
"Tofieldia calyculata","3","not in naturadb"
"Tofieldia pusilla","R","not in naturadb"
"Tordylium maximum","1","not in naturadb"
"Tragopogon orientalis","V","not in naturadb"
"Trapa natans","2","naturadb"
"Traunsteinera globosa","3","not in naturadb"
"Trichophorum alpinum","3","not in naturadb"
"Trichophorum cespitosum","V","naturadb"
"Trichophorum germanicum","2","not in naturadb"
"Trifolium alpestre","V","naturadb"
"Trifolium aureum","V","not in naturadb"
"Trifolium micranthum","R","not in naturadb"
"Trifolium fragiferum","V","not in naturadb"
"Trifolium montanum","V","naturadb"
"Trifolium ochroleucon","2","not in naturadb"
"Trifolium ornithopodioides","1","not in naturadb"
"Trifolium retusum","1","not in naturadb"
"Trifolium rubens","3","naturadb"
"Trifolium scabrum","1","not in naturadb"
"Trifolium spadiceum","2","not in naturadb"
"Trifolium striatum","3","not in naturadb"
"Triglochin maritima","V","not in naturadb"
"Triglochin palustris","3","not in naturadb"
"Trinia glauca","2","naturadb"
"Trisetum spicatum","R","not in naturadb"
"Trollius europaeus","3","naturadb"
"Tuberaria guttata","1","not in naturadb"
"Tulipa sylvestris","3","naturadb"
"Turgenia latifolia","1","not in naturadb"
"Typha minima","0","naturadb"
"Typha shuttleworthii","2","naturadb"
"Ulmus laevis","V","naturadb"
"Utricularia intermedia","2","not in naturadb"
"Utricularia ochroleuca","1","not in naturadb"
"Utricularia stygia","2","not in naturadb"
"Utricularia bremii","2","not in naturadb"
"Utricularia minor","3","not in naturadb"
"Utricularia australis","V","not in naturadb"
"Utricularia vulgaris","3","naturadb"
"Vaccaria hispanica","1","not in naturadb"
"Vaccinium oxycoccos","3","naturadb"
"Vaccinium uliginosum","V","naturadb"
"Valerianella dentata","V","not in naturadb"
"Valerianella rimosa","3","not in naturadb"
"Ventenata dubia","2","not in naturadb"
"Verbascum blattaria","3","naturadb"
"Verbascum phoeniceum","2","naturadb"
"Verbascum pulverulentum","3","naturadb"
"Veronica acinifolia","1","not in naturadb"
"Veronica austriaca","2","naturadb"
"Veronica jacquinii","1","not in naturadb"
"Veronica orsiniana","2","not in naturadb"
"Veronica prostrata","3","naturadb"
"Veronica satureiifolia","2","not in naturadb"
"Veronica teucrium","V","naturadb"
"Veronica bellidioides","R","not in naturadb"
"Veronica micans","R","not in naturadb"
"Veronica fruticulosa","R","naturadb"
"Veronica triloba","V","not in naturadb"
"Veronica maritima","V","not in naturadb"
"Veronica opaca","3","not in naturadb"
"Veronica praecox","V","not in naturadb"
"Veronica spicata","3","naturadb"
"Veronica spuria","0","naturadb"
"Veronica triphyllos","V","not in naturadb"
"Veronica dillenii","3","not in naturadb"
"Veronica verna","V","not in naturadb"
"Vicia cassubica","V","naturadb"
"Vicia dumetorum","V","naturadb"
"Vicia ervilia","0","not in naturadb"
"Vicia lathyroides","V","not in naturadb"
"Vicia oroboides","R","not in naturadb"
"Vicia orobus","2","not in naturadb"
"Vicia pisiformis","3","naturadb"
"Viola alba","3","not in naturadb"
"Viola calcarata","R","naturadb"
"Viola canina","V","naturadb"
"Viola montana","3","not in naturadb"
"Viola schultzii","0","not in naturadb"
"Viola collina","2","not in naturadb"
"Viola elatior","2","naturadb"
"Viola epipsila","1","not in naturadb"
"Viola mirabilis","V","not in naturadb"
"Viola pumila","2","not in naturadb"
"Viola pyrenaica","R","not in naturadb"
"Viola rupestris","2","naturadb"
"Viola stagnina","2","not in naturadb"
"Viola calaminaria","2","naturadb"
"Viola guestphalica","R","not in naturadb"
"Viola kitaibeliana","R","not in naturadb"
"Viola uliginosa","1","not in naturadb"
"Viscaria vulgaris","V","naturadb"
"Vitis gmelinii","2","not in naturadb"
"Vulpia bromoides","V","not in naturadb"
"Wahlenbergia hederacea","2","not in naturadb"
"Willemetia stipitata","V","not in naturadb"
"Wolffia arrhiza","3","not in naturadb"
"Woodsia alpina","R","not in naturadb"
"Woodsia ilvensis","2","naturadb"
"Woodsia pulchella","1","not in naturadb"
"Xanthium strumarium","2","not in naturadb"
"Zostera marina","3","not in naturadb"
"Zostera noltei","3","not in naturadb"
